-- phpMyAdmin SQL Dump
-- version 4.7.3
-- https://www.phpmyadmin.net/
--
-- Host: localhost
-- Generation Time: Jul 31, 2017 at 05:37 AM
-- Server version: 10.1.25-MariaDB
-- PHP Version: 7.1.7

SET SQL_MODE = "NO_AUTO_VALUE_ON_ZERO";
SET AUTOCOMMIT = 0;
START TRANSACTION;
SET time_zone = "+00:00";


/*!40101 SET @OLD_CHARACTER_SET_CLIENT=@@CHARACTER_SET_CLIENT */;
/*!40101 SET @OLD_CHARACTER_SET_RESULTS=@@CHARACTER_SET_RESULTS */;
/*!40101 SET @OLD_COLLATION_CONNECTION=@@COLLATION_CONNECTION */;
/*!40101 SET NAMES utf8mb4 */;

--
-- Database: `recruitment`
--
CREATE DATABASE IF NOT EXISTS `recruitment` DEFAULT CHARACTER SET utf8 COLLATE utf8_unicode_ci;
USE `recruitment`;

-- --------------------------------------------------------

--
-- Table structure for table `analisa_alternatif`
--

CREATE TABLE `analisa_alternatif` (
  `alternatif_pertama` varchar(4) NOT NULL,
  `nilai_analisa_alternatif` double NOT NULL,
  `hasil_analisa_alternatif` double NOT NULL,
  `alternatif_kedua` varchar(4) NOT NULL,
  `id_kriteria` varchar(2) NOT NULL
) ENGINE=InnoDB DEFAULT CHARSET=latin1;

--
-- Dumping data for table `analisa_alternatif`
--

INSERT INTO `analisa_alternatif` (`alternatif_pertama`, `nilai_analisa_alternatif`, `hasil_analisa_alternatif`, `alternatif_kedua`, `id_kriteria`) VALUES
('A001', 1, 0.17964071856287, 'A001', 'C1'),
('A001', 1, 0.25586353944563, 'A001', 'C2'),
('A001', 1, 0.23755656108597, 'A001', 'C3'),
('A001', 1, 0.20648967551622, 'A001', 'C4'),
('A001', 5, 0.53097345132743, 'A002', 'C1'),
('A001', 6, 0.5564142194745, 'A002', 'C2'),
('A001', 5, 0.52910052910053, 'A002', 'C3'),
('A001', 7, 0.61135371179039, 'A002', 'C4'),
('A001', 5, 0.41095890410959, 'A003', 'C1'),
('A001', 8, 0.55390702274975, 'A003', 'C2'),
('A001', 6, 0.4368932038835, 'A003', 'C3'),
('A001', 6, 0.46551724137931, 'A003', 'C4'),
('A001', 2, 0.13483146067416, 'A004', 'C1'),
('A001', 6, 0.31898734177215, 'A004', 'C2'),
('A001', 7, 0.43659043659044, 'A004', 'C3'),
('A001', 3, 0.20316027088036, 'A004', 'C4'),
('A001', 2, 0.12903225806452, 'A005', 'C1'),
('A001', 4, 0.24948024948025, 'A005', 'C2'),
('A001', 3, 0.14173228346457, 'A005', 'C3'),
('A001', 1, 0.07125890736342, 'A005', 'C4'),
('A001', 2, 0.12631578947368, 'A006', 'C1'),
('A001', 6, 0.23172413793103, 'A006', 'C2'),
('A001', 3, 0.16917293233083, 'A006', 'C3'),
('A001', 3, 0.17717365830794, 'A006', 'C4'),
('A001', 3, 0.17142857142857, 'A007', 'C1'),
('A001', 4, 0.18078123318627, 'A007', 'C2'),
('A001', 4, 0.14501510574018, 'A007', 'C3'),
('A001', 3, 0.11207471647765, 'A007', 'C4'),
('A001', 2, 0.10666666666667, 'A008', 'C1'),
('A001', 4, 0.19114802594152, 'A008', 'C2'),
('A001', 3, 0.12508686587908, 'A008', 'C3'),
('A001', 4, 0.14873837981408, 'A008', 'C4'),
('A001', 3, 0.13953488372093, 'A009', 'C1'),
('A001', 3, 0.10392609699769, 'A009', 'C2'),
('A001', 2, 0.075140889167188, 'A009', 'C3'),
('A001', 3, 0.081929904415111, 'A009', 'C4'),
('A001', 2, 0.08695652173913, 'A010', 'C1'),
('A001', 5, 0.12605042016807, 'A010', 'C2'),
('A001', 2, 0.059925093632959, 'A010', 'C3'),
('A001', 4, 0.080672268907563, 'A010', 'C4'),
('A001', 2, 0.081632653061224, 'A011', 'C1'),
('A001', 2, 0.046242774566474, 'A011', 'C2'),
('A001', 5, 0.11848341232227, 'A011', 'C3'),
('A001', 5, 0.087209302325581, 'A011', 'C4'),
('A001', 2, 0.076923076923077, 'A012', 'C1'),
('A001', 2, 0.043478260869565, 'A012', 'C2'),
('A001', 4, 0.088888888888889, 'A012', 'C3'),
('A001', 2, 0.045454545454545, 'A012', 'C4'),
('A002', 0.2, 0.035928143712575, 'A001', 'C1'),
('A002', 0.16666666666667, 0.042643923240939, 'A001', 'C2'),
('A002', 0.2, 0.047511312217195, 'A001', 'C3'),
('A002', 0.14285714285714, 0.029498525073746, 'A001', 'C4'),
('A002', 1, 0.10619469026549, 'A002', 'C1'),
('A002', 1, 0.09273570324575, 'A002', 'C2'),
('A002', 1, 0.10582010582011, 'A002', 'C3'),
('A002', 1, 0.087336244541485, 'A002', 'C4'),
('A002', 3, 0.24657534246575, 'A003', 'C1'),
('A002', 3, 0.20771513353116, 'A003', 'C2'),
('A002', 4, 0.29126213592233, 'A003', 'C3'),
('A002', 2, 0.1551724137931, 'A003', 'C4'),
('A002', 4, 0.26966292134831, 'A004', 'C1'),
('A002', 4, 0.2126582278481, 'A004', 'C2'),
('A002', 3, 0.18711018711019, 'A004', 'C3'),
('A002', 5, 0.33860045146727, 'A004', 'C4'),
('A002', 4, 0.25806451612903, 'A005', 'C1'),
('A002', 2, 0.12474012474012, 'A005', 'C2'),
('A002', 5, 0.23622047244095, 'A005', 'C3'),
('A002', 4, 0.28503562945368, 'A005', 'C4'),
('A002', 4, 0.25263157894737, 'A006', 'C1'),
('A002', 3, 0.11586206896552, 'A006', 'C2'),
('A002', 4, 0.22556390977444, 'A006', 'C3'),
('A002', 3, 0.17717365830794, 'A006', 'C4'),
('A002', 2, 0.11428571428571, 'A007', 'C1'),
('A002', 2, 0.090390616593135, 'A007', 'C2'),
('A002', 4, 0.14501510574018, 'A007', 'C3'),
('A002', 3, 0.11207471647765, 'A007', 'C4'),
('A002', 3, 0.16, 'A008', 'C1'),
('A002', 2, 0.095574012970759, 'A008', 'C2'),
('A002', 2, 0.083391243919388, 'A008', 'C3'),
('A002', 2, 0.074369189907039, 'A008', 'C4'),
('A002', 2, 0.093023255813953, 'A009', 'C1'),
('A002', 2, 0.069284064665127, 'A009', 'C2'),
('A002', 2, 0.075140889167188, 'A009', 'C3'),
('A002', 3, 0.081929904415111, 'A009', 'C4'),
('A002', 3, 0.1304347826087, 'A010', 'C1'),
('A002', 3, 0.07563025210084, 'A010', 'C2'),
('A002', 3, 0.089887640449438, 'A010', 'C3'),
('A002', 6, 0.12100840336134, 'A010', 'C4'),
('A002', 3, 0.12244897959184, 'A011', 'C1'),
('A002', 3, 0.069364161849711, 'A011', 'C2'),
('A002', 3, 0.071090047393365, 'A011', 'C3'),
('A002', 3, 0.052325581395349, 'A011', 'C4'),
('A002', 3, 0.11538461538462, 'A012', 'C1'),
('A002', 5, 0.10869565217391, 'A012', 'C2'),
('A002', 2, 0.044444444444444, 'A012', 'C3'),
('A002', 2, 0.045454545454545, 'A012', 'C4'),
('A003', 0.2, 0.035928143712575, 'A001', 'C1'),
('A003', 0.125, 0.031982942430704, 'A001', 'C2'),
('A003', 0.16666666666667, 0.039592760180996, 'A001', 'C3'),
('A003', 0.16666666666667, 0.034414945919371, 'A001', 'C4'),
('A003', 0.33333333333333, 0.035398230088495, 'A002', 'C1'),
('A003', 0.33333333333333, 0.030911901081916, 'A002', 'C2'),
('A003', 0.25, 0.026455026455026, 'A002', 'C3'),
('A003', 0.5, 0.043668122270742, 'A002', 'C4'),
('A003', 1, 0.082191780821918, 'A003', 'C1'),
('A003', 1, 0.069238377843719, 'A003', 'C2'),
('A003', 1, 0.072815533980583, 'A003', 'C3'),
('A003', 1, 0.077586206896552, 'A003', 'C4'),
('A003', 4, 0.26966292134831, 'A004', 'C1'),
('A003', 5, 0.26582278481013, 'A004', 'C2'),
('A003', 3, 0.18711018711019, 'A004', 'C3'),
('A003', 2, 0.13544018058691, 'A004', 'C4'),
('A003', 3, 0.19354838709677, 'A005', 'C1'),
('A003', 5, 0.31185031185031, 'A005', 'C2'),
('A003', 3, 0.14173228346457, 'A005', 'C3'),
('A003', 1, 0.07125890736342, 'A005', 'C4'),
('A003', 2, 0.12631578947368, 'A006', 'C1'),
('A003', 5, 0.19310344827586, 'A006', 'C2'),
('A003', 4, 0.22556390977444, 'A006', 'C3'),
('A003', 3, 0.17717365830794, 'A006', 'C4'),
('A003', 3, 0.17142857142857, 'A007', 'C1'),
('A003', 2, 0.090390616593135, 'A007', 'C2'),
('A003', 3, 0.10876132930514, 'A007', 'C3'),
('A003', 4, 0.14943295530354, 'A007', 'C4'),
('A003', 3, 0.16, 'A008', 'C1'),
('A003', 3, 0.14336101945614, 'A008', 'C2'),
('A003', 4, 0.16678248783878, 'A008', 'C3'),
('A003', 3, 0.11155378486056, 'A008', 'C4'),
('A003', 2, 0.093023255813953, 'A009', 'C1'),
('A003', 5, 0.17321016166282, 'A009', 'C2'),
('A003', 3, 0.11271133375078, 'A009', 'C3'),
('A003', 1, 0.02730996813837, 'A009', 'C4'),
('A003', 4, 0.17391304347826, 'A010', 'C1'),
('A003', 3, 0.07563025210084, 'A010', 'C2'),
('A003', 5, 0.1498127340824, 'A010', 'C3'),
('A003', 9, 0.18151260504202, 'A010', 'C4'),
('A003', 3, 0.12244897959184, 'A011', 'C1'),
('A003', 3, 0.069364161849711, 'A011', 'C2'),
('A003', 5, 0.11848341232227, 'A011', 'C3'),
('A003', 9, 0.15697674418605, 'A011', 'C4'),
('A003', 3, 0.11538461538462, 'A012', 'C1'),
('A003', 7, 0.15217391304348, 'A012', 'C2'),
('A003', 2, 0.044444444444444, 'A012', 'C3'),
('A003', 4, 0.090909090909091, 'A012', 'C4'),
('A004', 0.5, 0.089820359281437, 'A001', 'C1'),
('A004', 0.16666666666667, 0.042643923240939, 'A001', 'C2'),
('A004', 0.14285714285714, 0.03393665158371, 'A001', 'C3'),
('A004', 0.33333333333333, 0.068829891838741, 'A001', 'C4'),
('A004', 0.25, 0.026548672566372, 'A002', 'C1'),
('A004', 0.25, 0.023183925811437, 'A002', 'C2'),
('A004', 0.33333333333333, 0.035273368606702, 'A002', 'C3'),
('A004', 0.2, 0.017467248908297, 'A002', 'C4'),
('A004', 0.25, 0.020547945205479, 'A003', 'C1'),
('A004', 0.2, 0.013847675568744, 'A003', 'C2'),
('A004', 0.33333333333333, 0.024271844660194, 'A003', 'C3'),
('A004', 0.5, 0.038793103448276, 'A003', 'C4'),
('A004', 1, 0.067415730337079, 'A004', 'C1'),
('A004', 1, 0.053164556962025, 'A004', 'C2'),
('A004', 1, 0.062370062370062, 'A004', 'C3'),
('A004', 1, 0.067720090293454, 'A004', 'C4'),
('A004', 2, 0.12903225806452, 'A005', 'C1'),
('A004', 2, 0.12474012474012, 'A005', 'C2'),
('A004', 6, 0.28346456692913, 'A005', 'C3'),
('A004', 5, 0.3562945368171, 'A005', 'C4'),
('A004', 2, 0.12631578947368, 'A006', 'C1'),
('A004', 3, 0.11586206896552, 'A006', 'C2'),
('A004', 3, 0.16917293233083, 'A006', 'C3'),
('A004', 2, 0.1181157722053, 'A006', 'C4'),
('A004', 2, 0.11428571428571, 'A007', 'C1'),
('A004', 7, 0.31636715807597, 'A007', 'C2'),
('A004', 6, 0.21752265861027, 'A007', 'C3'),
('A004', 2, 0.074716477651768, 'A007', 'C4'),
('A004', 2, 0.10666666666667, 'A008', 'C1'),
('A004', 1, 0.047787006485379, 'A008', 'C2'),
('A004', 4, 0.16678248783878, 'A008', 'C3'),
('A004', 1, 0.037184594953519, 'A008', 'C4'),
('A004', 2, 0.093023255813953, 'A009', 'C1'),
('A004', 4, 0.13856812933025, 'A009', 'C2'),
('A004', 5, 0.18785222291797, 'A009', 'C3'),
('A004', 5, 0.13654984069185, 'A009', 'C4'),
('A004', 2, 0.08695652173913, 'A010', 'C1'),
('A004', 6, 0.15126050420168, 'A010', 'C2'),
('A004', 3, 0.089887640449438, 'A010', 'C3'),
('A004', 5, 0.10084033613445, 'A010', 'C4'),
('A004', 2, 0.081632653061224, 'A011', 'C1'),
('A004', 4, 0.092485549132948, 'A011', 'C2'),
('A004', 4, 0.09478672985782, 'A011', 'C3'),
('A004', 6, 0.1046511627907, 'A011', 'C4'),
('A004', 3, 0.11538461538462, 'A012', 'C1'),
('A004', 6, 0.1304347826087, 'A012', 'C2'),
('A004', 3, 0.066666666666667, 'A012', 'C3'),
('A004', 1, 0.022727272727273, 'A012', 'C4'),
('A005', 0.5, 0.089820359281437, 'A001', 'C1'),
('A005', 0.25, 0.063965884861407, 'A001', 'C2'),
('A005', 0.33333333333333, 0.07918552036199, 'A001', 'C3'),
('A005', 1, 0.20648967551622, 'A001', 'C4'),
('A005', 0.25, 0.026548672566372, 'A002', 'C1'),
('A005', 0.5, 0.046367851622875, 'A002', 'C2'),
('A005', 0.2, 0.021164021164021, 'A002', 'C3'),
('A005', 0.25, 0.021834061135371, 'A002', 'C4'),
('A005', 0.33333333333333, 0.027397260273972, 'A003', 'C1'),
('A005', 0.2, 0.013847675568744, 'A003', 'C2'),
('A005', 0.33333333333333, 0.024271844660194, 'A003', 'C3'),
('A005', 1, 0.077586206896552, 'A003', 'C4'),
('A005', 0.5, 0.033707865168539, 'A004', 'C1'),
('A005', 0.5, 0.026582278481013, 'A004', 'C2'),
('A005', 0.16666666666667, 0.010395010395011, 'A004', 'C3'),
('A005', 0.2, 0.013544018058691, 'A004', 'C4'),
('A005', 1, 0.064516129032258, 'A005', 'C1'),
('A005', 1, 0.062370062370062, 'A005', 'C2'),
('A005', 1, 0.047244094488189, 'A005', 'C3'),
('A005', 1, 0.07125890736342, 'A005', 'C4'),
('A005', 2, 0.12631578947368, 'A006', 'C1'),
('A005', 5, 0.19310344827586, 'A006', 'C2'),
('A005', 1, 0.056390977443609, 'A006', 'C3'),
('A005', 4, 0.23623154441059, 'A006', 'C4'),
('A005', 2, 0.11428571428571, 'A007', 'C1'),
('A005', 3, 0.1355859248897, 'A007', 'C2'),
('A005', 3, 0.10876132930514, 'A007', 'C3'),
('A005', 6, 0.2241494329553, 'A007', 'C4'),
('A005', 2, 0.10666666666667, 'A008', 'C1'),
('A005', 3, 0.14336101945614, 'A008', 'C2'),
('A005', 3, 0.12508686587908, 'A008', 'C3'),
('A005', 2, 0.074369189907039, 'A008', 'C4'),
('A005', 2, 0.093023255813953, 'A009', 'C1'),
('A005', 3, 0.10392609699769, 'A009', 'C2'),
('A005', 3, 0.11271133375078, 'A009', 'C3'),
('A005', 3, 0.081929904415111, 'A009', 'C4'),
('A005', 2, 0.08695652173913, 'A010', 'C1'),
('A005', 6, 0.15126050420168, 'A010', 'C2'),
('A005', 3, 0.089887640449438, 'A010', 'C3'),
('A005', 5, 0.10084033613445, 'A010', 'C4'),
('A005', 2, 0.081632653061224, 'A011', 'C1'),
('A005', 3, 0.069364161849711, 'A011', 'C2'),
('A005', 2, 0.04739336492891, 'A011', 'C3'),
('A005', 3, 0.052325581395349, 'A011', 'C4'),
('A005', 2, 0.076923076923077, 'A012', 'C1'),
('A005', 3, 0.065217391304348, 'A012', 'C2'),
('A005', 3, 0.066666666666667, 'A012', 'C3'),
('A005', 4, 0.090909090909091, 'A012', 'C4'),
('A006', 0.5, 0.089820359281437, 'A001', 'C1'),
('A006', 0.16666666666667, 0.042643923240939, 'A001', 'C2'),
('A006', 0.33333333333333, 0.07918552036199, 'A001', 'C3'),
('A006', 0.33333333333333, 0.068829891838741, 'A001', 'C4'),
('A006', 0.25, 0.026548672566372, 'A002', 'C1'),
('A006', 0.33333333333333, 0.030911901081916, 'A002', 'C2'),
('A006', 0.25, 0.026455026455026, 'A002', 'C3'),
('A006', 0.33333333333333, 0.029112081513828, 'A002', 'C4'),
('A006', 0.5, 0.041095890410959, 'A003', 'C1'),
('A006', 0.2, 0.013847675568744, 'A003', 'C2'),
('A006', 0.25, 0.018203883495146, 'A003', 'C3'),
('A006', 0.33333333333333, 0.025862068965517, 'A003', 'C4'),
('A006', 0.5, 0.033707865168539, 'A004', 'C1'),
('A006', 0.33333333333333, 0.017721518987342, 'A004', 'C2'),
('A006', 0.33333333333333, 0.020790020790021, 'A004', 'C3'),
('A006', 0.5, 0.033860045146727, 'A004', 'C4'),
('A006', 0.5, 0.032258064516129, 'A005', 'C1'),
('A006', 0.2, 0.012474012474012, 'A005', 'C2'),
('A006', 1, 0.047244094488189, 'A005', 'C3'),
('A006', 0.25, 0.017814726840855, 'A005', 'C4'),
('A006', 1, 0.063157894736842, 'A006', 'C1'),
('A006', 1, 0.038620689655172, 'A006', 'C2'),
('A006', 1, 0.056390977443609, 'A006', 'C3'),
('A006', 1, 0.059057886102648, 'A006', 'C4'),
('A006', 2, 0.11428571428571, 'A007', 'C1'),
('A006', 2, 0.090390616593135, 'A007', 'C2'),
('A006', 5, 0.18126888217523, 'A007', 'C3'),
('A006', 7, 0.26150767178119, 'A007', 'C4'),
('A006', 2, 0.10666666666667, 'A008', 'C1'),
('A006', 2, 0.095574012970759, 'A008', 'C2'),
('A006', 3, 0.12508686587908, 'A008', 'C3'),
('A006', 7, 0.26029216467463, 'A008', 'C4'),
('A006', 2, 0.093023255813953, 'A009', 'C1'),
('A006', 2, 0.069284064665127, 'A009', 'C2'),
('A006', 3, 0.11271133375078, 'A009', 'C3'),
('A006', 7, 0.19116977696859, 'A009', 'C4'),
('A006', 2, 0.08695652173913, 'A010', 'C1'),
('A006', 1, 0.025210084033613, 'A010', 'C2'),
('A006', 3, 0.089887640449438, 'A010', 'C3'),
('A006', 4, 0.080672268907563, 'A010', 'C4'),
('A006', 3, 0.12244897959184, 'A011', 'C1'),
('A006', 7, 0.16184971098266, 'A011', 'C2'),
('A006', 3, 0.071090047393365, 'A011', 'C3'),
('A006', 9, 0.15697674418605, 'A011', 'C4'),
('A006', 2, 0.076923076923077, 'A012', 'C1'),
('A006', 4, 0.08695652173913, 'A012', 'C2'),
('A006', 5, 0.11111111111111, 'A012', 'C3'),
('A006', 7, 0.15909090909091, 'A012', 'C4'),
('A007', 0.33333333333333, 0.059880239520958, 'A001', 'C1'),
('A007', 0.25, 0.063965884861407, 'A001', 'C2'),
('A007', 0.25, 0.059389140271493, 'A001', 'C3'),
('A007', 0.33333333333333, 0.068829891838741, 'A001', 'C4'),
('A007', 0.5, 0.053097345132743, 'A002', 'C1'),
('A007', 0.5, 0.046367851622875, 'A002', 'C2'),
('A007', 0.25, 0.026455026455026, 'A002', 'C3'),
('A007', 0.33333333333333, 0.029112081513828, 'A002', 'C4'),
('A007', 0.33333333333333, 0.027397260273972, 'A003', 'C1'),
('A007', 0.5, 0.03461918892186, 'A003', 'C2'),
('A007', 0.33333333333333, 0.024271844660194, 'A003', 'C3'),
('A007', 0.25, 0.019396551724138, 'A003', 'C4'),
('A007', 0.5, 0.033707865168539, 'A004', 'C1'),
('A007', 0.14285714285714, 0.0075949367088606, 'A004', 'C2'),
('A007', 0.16666666666667, 0.010395010395011, 'A004', 'C3'),
('A007', 0.5, 0.033860045146727, 'A004', 'C4'),
('A007', 0.5, 0.032258064516129, 'A005', 'C1'),
('A007', 0.33333333333333, 0.020790020790021, 'A005', 'C2'),
('A007', 0.33333333333333, 0.015748031496063, 'A005', 'C3'),
('A007', 0.16666666666667, 0.01187648456057, 'A005', 'C4'),
('A007', 0.5, 0.031578947368421, 'A006', 'C1'),
('A007', 0.5, 0.019310344827586, 'A006', 'C2'),
('A007', 0.2, 0.011278195488722, 'A006', 'C3'),
('A007', 0.14285714285714, 0.0084368408718067, 'A006', 'C4'),
('A007', 1, 0.057142857142857, 'A007', 'C1'),
('A007', 1, 0.045195308296567, 'A007', 'C2'),
('A007', 1, 0.036253776435045, 'A007', 'C3'),
('A007', 1, 0.037358238825884, 'A007', 'C4'),
('A007', 2, 0.10666666666667, 'A008', 'C1'),
('A007', 4, 0.19114802594152, 'A008', 'C2'),
('A007', 3, 0.12508686587908, 'A008', 'C3'),
('A007', 6, 0.22310756972112, 'A008', 'C4'),
('A007', 2, 0.093023255813953, 'A009', 'C1'),
('A007', 3, 0.10392609699769, 'A009', 'C2'),
('A007', 2, 0.075140889167188, 'A009', 'C3'),
('A007', 6, 0.16385980883022, 'A009', 'C4'),
('A007', 2, 0.08695652173913, 'A010', 'C1'),
('A007', 5, 0.12605042016807, 'A010', 'C2'),
('A007', 4, 0.11985018726592, 'A010', 'C3'),
('A007', 8, 0.16134453781513, 'A010', 'C4'),
('A007', 2, 0.081632653061224, 'A011', 'C1'),
('A007', 7, 0.16184971098266, 'A011', 'C2'),
('A007', 6, 0.14218009478673, 'A011', 'C3'),
('A007', 7, 0.12209302325581, 'A011', 'C4'),
('A007', 2, 0.076923076923077, 'A012', 'C1'),
('A007', 5, 0.10869565217391, 'A012', 'C2'),
('A007', 3, 0.066666666666667, 'A012', 'C3'),
('A007', 6, 0.13636363636364, 'A012', 'C4'),
('A008', 0.5, 0.089820359281437, 'A001', 'C1'),
('A008', 0.25, 0.063965884861407, 'A001', 'C2'),
('A008', 0.33333333333333, 0.07918552036199, 'A001', 'C3'),
('A008', 0.25, 0.051622418879056, 'A001', 'C4'),
('A008', 0.33333333333333, 0.035398230088495, 'A002', 'C1'),
('A008', 0.5, 0.046367851622875, 'A002', 'C2'),
('A008', 0.5, 0.052910052910053, 'A002', 'C3'),
('A008', 0.5, 0.043668122270742, 'A002', 'C4'),
('A008', 0.33333333333333, 0.027397260273972, 'A003', 'C1'),
('A008', 0.33333333333333, 0.023079459281239, 'A003', 'C2'),
('A008', 0.25, 0.018203883495146, 'A003', 'C3'),
('A008', 0.33333333333333, 0.025862068965517, 'A003', 'C4'),
('A008', 0.5, 0.033707865168539, 'A004', 'C1'),
('A008', 1, 0.053164556962025, 'A004', 'C2'),
('A008', 0.25, 0.015592515592516, 'A004', 'C3'),
('A008', 1, 0.067720090293454, 'A004', 'C4'),
('A008', 0.5, 0.032258064516129, 'A005', 'C1'),
('A008', 0.33333333333333, 0.020790020790021, 'A005', 'C2'),
('A008', 0.33333333333333, 0.015748031496063, 'A005', 'C3'),
('A008', 0.5, 0.03562945368171, 'A005', 'C4'),
('A008', 0.5, 0.031578947368421, 'A006', 'C1'),
('A008', 0.5, 0.019310344827586, 'A006', 'C2'),
('A008', 0.33333333333333, 0.018796992481203, 'A006', 'C3'),
('A008', 0.14285714285714, 0.0084368408718067, 'A006', 'C4'),
('A008', 0.5, 0.028571428571429, 'A007', 'C1'),
('A008', 0.25, 0.011298827074142, 'A007', 'C2'),
('A008', 0.33333333333333, 0.012084592145015, 'A007', 'C3'),
('A008', 0.16666666666667, 0.0062263731376474, 'A007', 'C4'),
('A008', 1, 0.053333333333333, 'A008', 'C1'),
('A008', 1, 0.047787006485379, 'A008', 'C2'),
('A008', 1, 0.041695621959694, 'A008', 'C3'),
('A008', 1, 0.037184594953519, 'A008', 'C4'),
('A008', 4, 0.18604651162791, 'A009', 'C1'),
('A008', 5, 0.17321016166282, 'A009', 'C2'),
('A008', 5, 0.18785222291797, 'A009', 'C3'),
('A008', 7, 0.19116977696859, 'A009', 'C4'),
('A008', 2, 0.08695652173913, 'A010', 'C1'),
('A008', 4, 0.10084033613445, 'A010', 'C2'),
('A008', 5, 0.1498127340824, 'A010', 'C3'),
('A008', 3, 0.060504201680672, 'A010', 'C4'),
('A008', 2, 0.081632653061224, 'A011', 'C1'),
('A008', 7, 0.16184971098266, 'A011', 'C2'),
('A008', 3, 0.071090047393365, 'A011', 'C3'),
('A008', 6, 0.1046511627907, 'A011', 'C4'),
('A008', 2, 0.076923076923077, 'A012', 'C1'),
('A008', 3, 0.065217391304348, 'A012', 'C2'),
('A008', 4, 0.088888888888889, 'A012', 'C3'),
('A008', 4, 0.090909090909091, 'A012', 'C4'),
('A009', 0.33333333333333, 0.059880239520958, 'A001', 'C1'),
('A009', 0.33333333333333, 0.085287846481875, 'A001', 'C2'),
('A009', 0.5, 0.11877828054299, 'A001', 'C3'),
('A009', 0.33333333333333, 0.068829891838741, 'A001', 'C4'),
('A009', 0.5, 0.053097345132743, 'A002', 'C1'),
('A009', 0.5, 0.046367851622875, 'A002', 'C2'),
('A009', 0.5, 0.052910052910053, 'A002', 'C3'),
('A009', 0.33333333333333, 0.029112081513828, 'A002', 'C4'),
('A009', 0.5, 0.041095890410959, 'A003', 'C1'),
('A009', 0.2, 0.013847675568744, 'A003', 'C2'),
('A009', 0.33333333333333, 0.024271844660194, 'A003', 'C3'),
('A009', 1, 0.077586206896552, 'A003', 'C4'),
('A009', 0.5, 0.033707865168539, 'A004', 'C1'),
('A009', 0.25, 0.013291139240506, 'A004', 'C2'),
('A009', 0.2, 0.012474012474012, 'A004', 'C3'),
('A009', 0.2, 0.013544018058691, 'A004', 'C4'),
('A009', 0.5, 0.032258064516129, 'A005', 'C1'),
('A009', 0.33333333333333, 0.020790020790021, 'A005', 'C2'),
('A009', 0.33333333333333, 0.015748031496063, 'A005', 'C3'),
('A009', 0.33333333333333, 0.02375296912114, 'A005', 'C4'),
('A009', 0.5, 0.031578947368421, 'A006', 'C1'),
('A009', 0.5, 0.019310344827586, 'A006', 'C2'),
('A009', 0.33333333333333, 0.018796992481203, 'A006', 'C3'),
('A009', 0.14285714285714, 0.0084368408718067, 'A006', 'C4'),
('A009', 0.5, 0.028571428571429, 'A007', 'C1'),
('A009', 0.33333333333333, 0.015065102765522, 'A007', 'C2'),
('A009', 0.5, 0.018126888217523, 'A007', 'C3'),
('A009', 0.16666666666667, 0.0062263731376474, 'A007', 'C4'),
('A009', 0.25, 0.013333333333333, 'A008', 'C1'),
('A009', 0.2, 0.0095574012970759, 'A008', 'C2'),
('A009', 0.2, 0.0083391243919388, 'A008', 'C3'),
('A009', 0.14285714285714, 0.0053120849933598, 'A008', 'C4'),
('A009', 1, 0.046511627906977, 'A009', 'C1'),
('A009', 1, 0.034642032332564, 'A009', 'C2'),
('A009', 1, 0.037570444583594, 'A009', 'C3'),
('A009', 1, 0.02730996813837, 'A009', 'C4'),
('A009', 2, 0.08695652173913, 'A010', 'C1'),
('A009', 5, 0.12605042016807, 'A010', 'C2'),
('A009', 4, 0.11985018726592, 'A010', 'C3'),
('A009', 4, 0.080672268907563, 'A010', 'C4'),
('A009', 2, 0.081632653061224, 'A011', 'C1'),
('A009', 3, 0.069364161849711, 'A011', 'C2'),
('A009', 6, 0.14218009478673, 'A011', 'C3'),
('A009', 5, 0.087209302325581, 'A011', 'C4'),
('A009', 2, 0.076923076923077, 'A012', 'C1'),
('A009', 3, 0.065217391304348, 'A012', 'C2'),
('A009', 5, 0.11111111111111, 'A012', 'C3'),
('A009', 6, 0.13636363636364, 'A012', 'C4'),
('A010', 0.5, 0.089820359281437, 'A001', 'C1'),
('A010', 0.2, 0.051172707889126, 'A001', 'C2'),
('A010', 0.5, 0.11877828054299, 'A001', 'C3'),
('A010', 0.25, 0.051622418879056, 'A001', 'C4'),
('A010', 0.33333333333333, 0.035398230088495, 'A002', 'C1'),
('A010', 0.33333333333333, 0.030911901081916, 'A002', 'C2'),
('A010', 0.33333333333333, 0.035273368606702, 'A002', 'C3'),
('A010', 0.16666666666667, 0.014556040756914, 'A002', 'C4'),
('A010', 0.25, 0.020547945205479, 'A003', 'C1'),
('A010', 0.33333333333333, 0.023079459281239, 'A003', 'C2'),
('A010', 0.2, 0.014563106796117, 'A003', 'C3'),
('A010', 0.11111111111111, 0.0086206896551723, 'A003', 'C4'),
('A010', 0.5, 0.033707865168539, 'A004', 'C1'),
('A010', 0.16666666666667, 0.0088607594936711, 'A004', 'C2'),
('A010', 0.33333333333333, 0.020790020790021, 'A004', 'C3'),
('A010', 0.2, 0.013544018058691, 'A004', 'C4'),
('A010', 0.5, 0.032258064516129, 'A005', 'C1'),
('A010', 0.16666666666667, 0.010395010395011, 'A005', 'C2'),
('A010', 0.33333333333333, 0.015748031496063, 'A005', 'C3'),
('A010', 0.2, 0.014251781472684, 'A005', 'C4'),
('A010', 0.5, 0.031578947368421, 'A006', 'C1'),
('A010', 1, 0.038620689655172, 'A006', 'C2'),
('A010', 0.33333333333333, 0.018796992481203, 'A006', 'C3'),
('A010', 0.25, 0.014764471525662, 'A006', 'C4'),
('A010', 0.5, 0.028571428571429, 'A007', 'C1'),
('A010', 0.2, 0.0090390616593135, 'A007', 'C2'),
('A010', 0.25, 0.0090634441087613, 'A007', 'C3'),
('A010', 0.125, 0.0046697798532355, 'A007', 'C4'),
('A010', 0.5, 0.026666666666667, 'A008', 'C1'),
('A010', 0.25, 0.011946751621345, 'A008', 'C2'),
('A010', 0.2, 0.0083391243919388, 'A008', 'C3'),
('A010', 0.33333333333333, 0.012394864984506, 'A008', 'C4'),
('A010', 0.5, 0.023255813953488, 'A009', 'C1'),
('A010', 0.2, 0.0069284064665127, 'A009', 'C2'),
('A010', 0.25, 0.0093926111458986, 'A009', 'C3'),
('A010', 0.25, 0.0068274920345926, 'A009', 'C4'),
('A010', 1, 0.043478260869565, 'A010', 'C1'),
('A010', 1, 0.025210084033613, 'A010', 'C2'),
('A010', 1, 0.029962546816479, 'A010', 'C3'),
('A010', 1, 0.020168067226891, 'A010', 'C4'),
('A010', 2, 0.081632653061224, 'A011', 'C1'),
('A010', 3, 0.069364161849711, 'A011', 'C2'),
('A010', 4, 0.09478672985782, 'A011', 'C3'),
('A010', 3, 0.052325581395349, 'A011', 'C4'),
('A010', 2, 0.076923076923077, 'A012', 'C1'),
('A010', 3, 0.065217391304348, 'A012', 'C2'),
('A010', 8, 0.17777777777778, 'A012', 'C3'),
('A010', 4, 0.090909090909091, 'A012', 'C4'),
('A011', 0.5, 0.089820359281437, 'A001', 'C1'),
('A011', 0.5, 0.12793176972281, 'A001', 'C2'),
('A011', 0.2, 0.047511312217195, 'A001', 'C3'),
('A011', 0.2, 0.041297935103245, 'A001', 'C4'),
('A011', 0.33333333333333, 0.035398230088495, 'A002', 'C1'),
('A011', 0.33333333333333, 0.030911901081916, 'A002', 'C2'),
('A011', 0.33333333333333, 0.035273368606702, 'A002', 'C3'),
('A011', 0.33333333333333, 0.029112081513828, 'A002', 'C4'),
('A011', 0.33333333333333, 0.027397260273972, 'A003', 'C1'),
('A011', 0.33333333333333, 0.023079459281239, 'A003', 'C2'),
('A011', 0.2, 0.014563106796117, 'A003', 'C3'),
('A011', 0.11111111111111, 0.0086206896551723, 'A003', 'C4'),
('A011', 0.5, 0.033707865168539, 'A004', 'C1'),
('A011', 0.25, 0.013291139240506, 'A004', 'C2'),
('A011', 0.25, 0.015592515592516, 'A004', 'C3'),
('A011', 0.16666666666667, 0.011286681715576, 'A004', 'C4'),
('A011', 0.5, 0.032258064516129, 'A005', 'C1'),
('A011', 0.33333333333333, 0.020790020790021, 'A005', 'C2'),
('A011', 0.5, 0.023622047244095, 'A005', 'C3'),
('A011', 0.33333333333333, 0.02375296912114, 'A005', 'C4'),
('A011', 0.33333333333333, 0.021052631578947, 'A006', 'C1'),
('A011', 0.14285714285714, 0.0055172413793102, 'A006', 'C2'),
('A011', 0.33333333333333, 0.018796992481203, 'A006', 'C3'),
('A011', 0.11111111111111, 0.0065619873447386, 'A006', 'C4'),
('A011', 0.5, 0.028571428571429, 'A007', 'C1'),
('A011', 0.14285714285714, 0.0064564726137952, 'A007', 'C2'),
('A011', 0.16666666666667, 0.0060422960725077, 'A007', 'C3'),
('A011', 0.14285714285714, 0.0053368912608405, 'A007', 'C4'),
('A011', 0.5, 0.026666666666667, 'A008', 'C1'),
('A011', 0.14285714285714, 0.0068267152121969, 'A008', 'C2'),
('A011', 0.33333333333333, 0.013898540653231, 'A008', 'C3'),
('A011', 0.16666666666667, 0.0061974324922533, 'A008', 'C4'),
('A011', 0.5, 0.023255813953488, 'A009', 'C1'),
('A011', 0.33333333333333, 0.011547344110854, 'A009', 'C2'),
('A011', 0.16666666666667, 0.0062617407639325, 'A009', 'C3'),
('A011', 0.2, 0.0054619936276741, 'A009', 'C4'),
('A011', 0.5, 0.021739130434783, 'A010', 'C1'),
('A011', 0.33333333333333, 0.0084033613445377, 'A010', 'C2'),
('A011', 0.25, 0.0074906367041199, 'A010', 'C3'),
('A011', 0.33333333333333, 0.0067226890756302, 'A010', 'C4'),
('A011', 1, 0.040816326530612, 'A011', 'C1'),
('A011', 1, 0.023121387283237, 'A011', 'C2'),
('A011', 1, 0.023696682464455, 'A011', 'C3'),
('A011', 1, 0.017441860465116, 'A011', 'C4'),
('A011', 2, 0.076923076923077, 'A012', 'C1'),
('A011', 4, 0.08695652173913, 'A012', 'C2'),
('A011', 5, 0.11111111111111, 'A012', 'C3'),
('A011', 3, 0.068181818181818, 'A012', 'C4'),
('A012', 0.5, 0.089820359281437, 'A001', 'C1'),
('A012', 0.5, 0.12793176972281, 'A001', 'C2'),
('A012', 0.25, 0.059389140271493, 'A001', 'C3'),
('A012', 0.5, 0.10324483775811, 'A001', 'C4'),
('A012', 0.33333333333333, 0.035398230088495, 'A002', 'C1'),
('A012', 0.2, 0.01854714064915, 'A002', 'C2'),
('A012', 0.5, 0.052910052910053, 'A002', 'C3'),
('A012', 0.5, 0.043668122270742, 'A002', 'C4'),
('A012', 0.33333333333333, 0.027397260273972, 'A003', 'C1'),
('A012', 0.14285714285714, 0.0098911968348168, 'A003', 'C2'),
('A012', 0.5, 0.036407766990291, 'A003', 'C3'),
('A012', 0.25, 0.019396551724138, 'A003', 'C4'),
('A012', 0.33333333333333, 0.022471910112359, 'A004', 'C1'),
('A012', 0.16666666666667, 0.0088607594936711, 'A004', 'C2'),
('A012', 0.33333333333333, 0.020790020790021, 'A004', 'C3'),
('A012', 1, 0.067720090293454, 'A004', 'C4'),
('A012', 0.5, 0.032258064516129, 'A005', 'C1'),
('A012', 0.33333333333333, 0.020790020790021, 'A005', 'C2'),
('A012', 0.33333333333333, 0.015748031496063, 'A005', 'C3'),
('A012', 0.25, 0.017814726840855, 'A005', 'C4'),
('A012', 0.5, 0.031578947368421, 'A006', 'C1'),
('A012', 0.25, 0.0096551724137931, 'A006', 'C2'),
('A012', 0.2, 0.011278195488722, 'A006', 'C3'),
('A012', 0.14285714285714, 0.0084368408718067, 'A006', 'C4'),
('A012', 0.5, 0.028571428571429, 'A007', 'C1'),
('A012', 0.2, 0.0090390616593135, 'A007', 'C2'),
('A012', 0.33333333333333, 0.012084592145015, 'A007', 'C3'),
('A012', 0.16666666666667, 0.0062263731376474, 'A007', 'C4'),
('A012', 0.5, 0.026666666666667, 'A008', 'C1'),
('A012', 0.33333333333333, 0.015929002161793, 'A008', 'C2'),
('A012', 0.25, 0.010423905489924, 'A008', 'C3'),
('A012', 0.25, 0.0092961487383798, 'A008', 'C4'),
('A012', 0.5, 0.023255813953488, 'A009', 'C1'),
('A012', 0.33333333333333, 0.011547344110854, 'A009', 'C2'),
('A012', 0.2, 0.0075140889167188, 'A009', 'C3'),
('A012', 0.16666666666667, 0.0045516613563952, 'A009', 'C4'),
('A012', 0.5, 0.021739130434783, 'A010', 'C1'),
('A012', 0.33333333333333, 0.0084033613445377, 'A010', 'C2'),
('A012', 0.125, 0.0037453183520599, 'A010', 'C3'),
('A012', 0.25, 0.0050420168067227, 'A010', 'C4'),
('A012', 0.5, 0.020408163265306, 'A011', 'C1'),
('A012', 0.25, 0.0057803468208092, 'A011', 'C2'),
('A012', 0.2, 0.004739336492891, 'A011', 'C3'),
('A012', 0.33333333333333, 0.005813953488372, 'A011', 'C4'),
('A012', 1, 0.038461538461538, 'A012', 'C1'),
('A012', 1, 0.021739130434783, 'A012', 'C2'),
('A012', 1, 0.022222222222222, 'A012', 'C3'),
('A012', 1, 0.022727272727273, 'A012', 'C4');

-- --------------------------------------------------------

--
-- Table structure for table `analisa_kriteria`
--

CREATE TABLE `analisa_kriteria` (
  `kriteria_pertama` varchar(2) NOT NULL,
  `nilai_analisa_kriteria` double NOT NULL,
  `hasil_analisa_kriteria` double NOT NULL,
  `kriteria_kedua` varchar(2) NOT NULL
) ENGINE=InnoDB DEFAULT CHARSET=latin1;

--
-- Dumping data for table `analisa_kriteria`
--

INSERT INTO `analisa_kriteria` (`kriteria_pertama`, `nilai_analisa_kriteria`, `hasil_analisa_kriteria`, `kriteria_kedua`) VALUES
('C1', 1, 0.46153846153846, 'C1'),
('C1', 3, 0.62068965517241, 'C2'),
('C1', 2, 0.30769230769231, 'C3'),
('C1', 3, 0.375, 'C4'),
('C2', 0.33333333333333, 0.15384615384615, 'C1'),
('C2', 1, 0.20689655172414, 'C2'),
('C2', 3, 0.46153846153846, 'C3'),
('C2', 2, 0.25, 'C4'),
('C3', 0.5, 0.23076923076923, 'C1'),
('C3', 0.33333333333333, 0.068965517241379, 'C2'),
('C3', 1, 0.15384615384615, 'C3'),
('C3', 2, 0.25, 'C4'),
('C4', 0.33333333333333, 0.15384615384615, 'C1'),
('C4', 0.5, 0.10344827586207, 'C2'),
('C4', 0.5, 0.076923076923077, 'C3'),
('C4', 1, 0.125, 'C4');

-- --------------------------------------------------------

--
-- Table structure for table `data_alternatif`
--

CREATE TABLE `data_alternatif` (
  `id_alternatif` varchar(4) NOT NULL,
  `nim` char(9) NOT NULL,
  `nama` varchar(45) NOT NULL,
  `tempat_lahir` varchar(100) NOT NULL,
  `tanggal_lahir` date NOT NULL,
  `kelamin` enum('pria','wanita') NOT NULL,
  `alamat` varchar(255) NOT NULL,
  `no_hp` varchar(12) NOT NULL,
  `hasil_akhir` double DEFAULT NULL
) ENGINE=InnoDB DEFAULT CHARSET=latin1;

--
-- Dumping data for table `data_alternatif`
--

INSERT INTO `data_alternatif` (`id_alternatif`, `nim`, `nama`, `tempat_lahir`, `tanggal_lahir`, `kelamin`, `alamat`, `no_hp`, `hasil_akhir`) VALUES
('A001', '135610101', 'Imam', 'Jepara', '2017-08-13', 'pria', 'Jeparaaaaa', '08900000001', 0.196949338512432),
('A002', '135610102', 'Syarif', 'Sumatera Barat', '2017-08-06', 'pria', 'Sumatera Barat', '08900000002', 0.144639813317698),
('A003', '135610103', 'Said', 'Sumatera Barat', '2017-08-13', 'pria', 'Sumatera Barat', '08900000003', 0.130000023603345),
('A004', '135610104', 'Yusuf Adi', 'Kalimantan Barat', '2017-08-23', 'pria', 'Sumatera Barat', '08900000004', 0.094621719820437),
('A005', '135610105', 'Rizky', 'Indramayu', '2017-08-14', 'pria', 'Indramayuu', '08900000005', 0.0797960410089121),
('A006', '135610106', 'Reza', 'Kalimantan Barat', '2017-08-14', 'pria', 'Kalimantan Barat', '08900000006', 0.0716684979082525),
('A007', '135610107', 'Adi Catur', 'Kalimantan Barat', '2017-08-14', 'pria', 'Kalimantan Barat', '08900000007', 0.06563799609371479),
('A008', '135610108', 'Alan wahsahlan', 'Kalimantan Barat', '2017-08-14', 'pria', 'Kalimantan Barat', '08900000008', 0.0638830142497942),
('A009', '135610109', 'Guntur', 'Kalimantan Barat', '2017-08-21', 'pria', 'Kalimantan Barat', '08900000009', 0.0482019825723368),
('A010', '135610110', 'Santo', 'Kalimantan Barat', '2017-08-14', 'pria', 'Kalimantan Barat', '08900000010', 0.0401501394324617),
('A011', '135610111', 'Kalimata', 'Kalimantan Barat', '2018-08-14', 'pria', 'Kalimantan Barat', '08900000011', 0.03490466859914079),
('A012', '135610112', 'Virgo', 'Kalimantan Barat', '2017-08-14', 'pria', 'Kalimantan Barat', '08900000012', 0.029546764881472003);

-- --------------------------------------------------------

--
-- Table structure for table `data_kriteria`
--

CREATE TABLE `data_kriteria` (
  `id_kriteria` varchar(2) NOT NULL,
  `nama_kriteria` varchar(45) NOT NULL,
  `jumlah_kriteria` double NOT NULL,
  `bobot_kriteria` double NOT NULL
) ENGINE=InnoDB DEFAULT CHARSET=latin1;

--
-- Dumping data for table `data_kriteria`
--

INSERT INTO `data_kriteria` (`id_kriteria`, `nama_kriteria`, `jumlah_kriteria`, `bobot_kriteria`) VALUES
('C1', 'Kejujuran', 2.16666666666666, 0.441230106100795),
('C2', 'Loyalitas', 4.83333333333333, 0.2680702917771875),
('C3', 'Komitmen', 6.5, 0.17589522546418976),
('C4', 'Kedisiplinan', 8, 0.11480437665782425);

-- --------------------------------------------------------

--
-- Table structure for table `jum_alt_kri`
--

CREATE TABLE `jum_alt_kri` (
  `id_alternatif` varchar(4) NOT NULL,
  `id_kriteria` varchar(2) NOT NULL,
  `jumlah_alt_kri` double NOT NULL,
  `skor_alt_kri` double NOT NULL,
  `hasil_alt_kri` double NOT NULL
) ENGINE=InnoDB DEFAULT CHARSET=latin1;

--
-- Dumping data for table `jum_alt_kri`
--

INSERT INTO `jum_alt_kri` (`id_alternatif`, `id_kriteria`, `jumlah_alt_kri`, `skor_alt_kri`, `hasil_alt_kri`) VALUES
('A001', 'C1', 5.56666666666666, 0.18124124631265426, 0.079969094340373),
('A001', 'C2', 3.9083333333333403, 0.2097040949306146, 0.056215437914921),
('A001', 'C3', 4.2095238095238, 0.21101345778947656, 0.037116259733858),
('A001', 'C4', 4.84285714285713, 0.20598993881361094, 0.02364854652328),
('A002', 'C1', 9.416666666666652, 0.15871954504611233, 0.070031841700966),
('A002', 'C2', 10.78333333333332, 0.1337470201032675, 0.035853602703412),
('A002', 'C3', 9.449999999999992, 0.13367738824660105, 0.0235132143451),
('A002', 'C4', 11.44999999999999, 0.13275760917762278, 0.01524115456822),
('A003', 'C1', 12.166666666666652, 0.13160364318658258, 0.058067489446467),
('A003', 'C2', 14.442857142857129, 0.13276181705157317, 0.035589499033885),
('A003', 'C3', 13.73333333333332, 0.12723747366520488, 0.022380464117835),
('A003', 'C4', 12.888888888888882, 0.1216205462860821, 0.013962571005158),
('A004', 'C1', 14.83333333333333, 0.08813584848998951, 0.038888189780522),
('A004', 'C2', 18.80952380952381, 0.09616564945848272, 0.025779153709278),
('A004', 'C3', 16.033333333333328, 0.10388787277292107, 0.018273380804388),
('A004', 'C4', 14.766666666666667, 0.10174695308928933, 0.011680995526249),
('A005', 'C1', 15.5, 0.07731616369050183, 0.034114219108467),
('A005', 'C2', 16.03333333333332, 0.08344776100688549, 0.022369865641269),
('A005', 'C3', 21.166666666666643, 0.07755291482384115, 0.013641187438345),
('A005', 'C4', 14.03333333333333, 0.08423693505740552, 0.0096707688208311),
('A006', 'C1', 15.83333333333333, 0.07390774680838817, 0.032610322965936),
('A006', 'C2', 25.89285714285714, 0.06551573723721694, 0.017562822797178),
('A006', 'C3', 17.733333333333313, 0.06977230826350529, 0.012272615893166),
('A006', 'C4', 16.932539682539666, 0.08033436111465499, 0.0092227362519725),
('A007', 'C1', 17.5, 0.06168872944397275, 0.027218924637787),
('A007', 'C2', 22.126190476190466, 0.06957409148419581, 0.018650747004301),
('A007', 'C3', 27.58333333333333, 0.06618038679410664, 0.011640814056457),
('A007', 'C4', 26.767857142857153, 0.0707944298969886, 0.0081275103951698),
('A008', 'C1', 18.75, 0.06363535432942467, 0.028077834142534),
('A008', 'C2', 20.926190476190467, 0.06460440849758532, 0.01731852263604),
('A008', 'C3', 23.983333333333327, 0.06395463632406534, 0.011249315175702),
('A008', 'C4', 26.89285714285714, 0.0630406479806012, 0.0072373422955182),
('A009', 'C1', 21.5, 0.04879558280440991, 0.02153008017804),
('A009', 'C2', 28.866666666666656, 0.046014099245909046, 0.012335013010715),
('A009', 'C3', 26.61666666666667, 0.04956931796730966, 0.008719006359966),
('A009', 'C4', 36.616666666666674, 0.048934397687293074, 0.0056178830236158),
('A010', 'C1', 23, 0.04365327597282917, 0.019261139589139),
('A010', 'C2', 39.66666666666666, 0.03644107068353868, 0.0097687684508093),
('A010', 'C3', 33.375, 0.0396627147560195, 0.0069764821545319),
('A010', 'C4', 49.58333333333333, 0.03609400058267805, 0.0041437492379815),
('A011', 'C1', 24.5, 0.03813390449896458, 0.016825826728116),
('A011', 'C2', 43.25, 0.034268341157797, 0.0091863242128908),
('A011', 'C3', 42.2, 0.031841681624842, 0.0056007997685605),
('A011', 'C4', 57.33333333333333, 0.028672407667736332, 0.0032917178895735),
('A012', 'C1', 26, 0.03316895941616867, 0.014635143482449),
('A012', 'C2', 46, 0.027755909142932356, 0.007440534662487),
('A012', 'C3', 45, 0.025649846972106954, 0.0045116856162807),
('A012', 'C4', 44, 0.02577777264603637, 0.0029594011202553);

-- --------------------------------------------------------

--
-- Table structure for table `nilai`
--

CREATE TABLE `nilai` (
  `id_nilai` int(11) NOT NULL,
  `jum_nilai` double NOT NULL,
  `ket_nilai` text NOT NULL
) ENGINE=InnoDB DEFAULT CHARSET=latin1;

--
-- Dumping data for table `nilai`
--

INSERT INTO `nilai` (`id_nilai`, `jum_nilai`, `ket_nilai`) VALUES
(2, 9, 'Mutlak sangat penting dari'),
(3, 8, 'Mendekati mutlak dari'),
(8, 7, 'Sangat penting dari'),
(9, 6, 'Mendekati sangat penting dari'),
(10, 5, 'Lebih penting dari'),
(11, 4, 'Mendekati lebih penting dari'),
(12, 3, 'Sedikit lebih penting dari'),
(13, 2, 'Mendekati sedikit lebih penting dari'),
(14, 1, 'Sama penting dengan'),
(15, 0.5, '1 bagi mendekati sedikit lebih penting dari'),
(16, 0.333, '1 bagi sedikit lebih penting dari'),
(17, 0.25, '1 bagi mendekati lebih penting dari'),
(18, 0.2, '1 bagi lebih penting dari'),
(19, 0.167, '1 bagi mendekati sangat penting dari'),
(20, 0.143, '1 bagi sangat penting dari'),
(21, 0.125, '1 bagi mendekati mutlak dari'),
(22, 0.1, '1 bagi mutlak sangat penting dari');

-- --------------------------------------------------------

--
-- Table structure for table `pengguna`
--

CREATE TABLE `pengguna` (
  `id_pengguna` int(11) NOT NULL,
  `nama_lengkap` varchar(255) NOT NULL,
  `role` enum('operator','wakil','ketua') NOT NULL,
  `username` varchar(100) NOT NULL,
  `password` varchar(100) NOT NULL
) ENGINE=InnoDB DEFAULT CHARSET=latin1;

--
-- Dumping data for table `pengguna`
--

INSERT INTO `pengguna` (`id_pengguna`, `nama_lengkap`, `role`, `username`, `password`) VALUES
(1, 'Imam Digmi', 'operator', 'operator', '4b583376b2767b923c3e1da60d10de59'),
(2, 'Wakil Ketua', 'wakil', 'wakil', '28d866e5f30ae6386be9f1921e0b2a58'),
(3, 'Kamu', 'operator', 'kamu', '48ec8af8df4bf4347d9b1de4ee7bb092');

-- --------------------------------------------------------

--
-- Table structure for table `ranking`
--

CREATE TABLE `ranking` (
  `kriteria` varchar(2) NOT NULL,
  `skor_bobot` double NOT NULL,
  `alternatif` varchar(4) NOT NULL
) ENGINE=InnoDB DEFAULT CHARSET=latin1;

--
-- Indexes for dumped tables
--

--
-- Indexes for table `analisa_alternatif`
--
ALTER TABLE `analisa_alternatif`
  ADD PRIMARY KEY (`alternatif_pertama`,`alternatif_kedua`,`id_kriteria`),
  ADD KEY `alternatif_kedua` (`alternatif_kedua`),
  ADD KEY `id_kriteria` (`id_kriteria`);

--
-- Indexes for table `analisa_kriteria`
--
ALTER TABLE `analisa_kriteria`
  ADD PRIMARY KEY (`kriteria_pertama`,`kriteria_kedua`),
  ADD KEY `kriteria_kedua` (`kriteria_kedua`);

--
-- Indexes for table `data_alternatif`
--
ALTER TABLE `data_alternatif`
  ADD PRIMARY KEY (`id_alternatif`);

--
-- Indexes for table `data_kriteria`
--
ALTER TABLE `data_kriteria`
  ADD PRIMARY KEY (`id_kriteria`);

--
-- Indexes for table `jum_alt_kri`
--
ALTER TABLE `jum_alt_kri`
  ADD PRIMARY KEY (`id_alternatif`,`id_kriteria`),
  ADD KEY `id_kriteria` (`id_kriteria`);

--
-- Indexes for table `nilai`
--
ALTER TABLE `nilai`
  ADD PRIMARY KEY (`id_nilai`);

--
-- Indexes for table `pengguna`
--
ALTER TABLE `pengguna`
  ADD PRIMARY KEY (`id_pengguna`);

--
-- Indexes for table `ranking`
--
ALTER TABLE `ranking`
  ADD PRIMARY KEY (`kriteria`,`alternatif`),
  ADD KEY `alternatif` (`alternatif`);

--
-- AUTO_INCREMENT for dumped tables
--

--
-- AUTO_INCREMENT for table `nilai`
--
ALTER TABLE `nilai`
  MODIFY `id_nilai` int(11) NOT NULL AUTO_INCREMENT, AUTO_INCREMENT=23;
--
-- AUTO_INCREMENT for table `pengguna`
--
ALTER TABLE `pengguna`
  MODIFY `id_pengguna` int(11) NOT NULL AUTO_INCREMENT, AUTO_INCREMENT=4;
--
-- Constraints for dumped tables
--

--
-- Constraints for table `analisa_alternatif`
--
ALTER TABLE `analisa_alternatif`
  ADD CONSTRAINT `analisa_alternatif_ibfk_1` FOREIGN KEY (`alternatif_pertama`) REFERENCES `data_alternatif` (`id_alternatif`) ON DELETE CASCADE ON UPDATE CASCADE,
  ADD CONSTRAINT `analisa_alternatif_ibfk_2` FOREIGN KEY (`alternatif_kedua`) REFERENCES `data_alternatif` (`id_alternatif`) ON DELETE CASCADE ON UPDATE CASCADE,
  ADD CONSTRAINT `analisa_alternatif_ibfk_3` FOREIGN KEY (`id_kriteria`) REFERENCES `data_kriteria` (`id_kriteria`) ON DELETE CASCADE ON UPDATE CASCADE;

--
-- Constraints for table `analisa_kriteria`
--
ALTER TABLE `analisa_kriteria`
  ADD CONSTRAINT `analisa_kriteria_ibfk_1` FOREIGN KEY (`kriteria_pertama`) REFERENCES `data_kriteria` (`id_kriteria`) ON DELETE CASCADE ON UPDATE CASCADE,
  ADD CONSTRAINT `analisa_kriteria_ibfk_2` FOREIGN KEY (`kriteria_kedua`) REFERENCES `data_kriteria` (`id_kriteria`) ON DELETE CASCADE ON UPDATE CASCADE;

--
-- Constraints for table `jum_alt_kri`
--
ALTER TABLE `jum_alt_kri`
  ADD CONSTRAINT `jum_alt_kri_ibfk_1` FOREIGN KEY (`id_alternatif`) REFERENCES `data_alternatif` (`id_alternatif`) ON DELETE CASCADE ON UPDATE CASCADE,
  ADD CONSTRAINT `jum_alt_kri_ibfk_2` FOREIGN KEY (`id_kriteria`) REFERENCES `data_kriteria` (`id_kriteria`) ON DELETE CASCADE ON UPDATE CASCADE;

--
-- Constraints for table `ranking`
--
ALTER TABLE `ranking`
  ADD CONSTRAINT `ranking_ibfk_1` FOREIGN KEY (`alternatif`) REFERENCES `data_alternatif` (`id_alternatif`) ON DELETE CASCADE ON UPDATE CASCADE,
  ADD CONSTRAINT `ranking_ibfk_2` FOREIGN KEY (`kriteria`) REFERENCES `data_kriteria` (`id_kriteria`) ON DELETE CASCADE ON UPDATE CASCADE;
COMMIT;

/*!40101 SET CHARACTER_SET_CLIENT=@OLD_CHARACTER_SET_CLIENT */;
/*!40101 SET CHARACTER_SET_RESULTS=@OLD_CHARACTER_SET_RESULTS */;
/*!40101 SET COLLATION_CONNECTION=@OLD_COLLATION_CONNECTION */;
